Artist,Tracks,Plays
King Crimson,Epitaph,451
King Crimson,21st Century Schizoid Man,435
King Crimson,The Court of the Crimson King,434
King Crimson,Starless,393
King Crimson,I Talk to the Wind,363
King Crimson,Moonchild,350
Michael McCann,Opening Credits,337
King Crimson,Cat Food,328
Foster the People,Pumped Up Kicks,239
Dire Straits,Brothers in Arms,214
Gorillaz,Feel Good Inc.,207
Michael McCann,Sandstorm,190
Michael McCann,Prague,184
Michael McCann,Versalife,183
The Police,Bring On The Night,182
Michael McCann,Embrace What You Have Become Trailer,177
Beastie Boys,Intergalactic,176
Michael McCann,Apex Towers,175
Michael McCann,Main Menu Theme,172
Pink Floyd,Time,155
Beastie Boys,Sabotage,154
Martin O'Donnell &amp; Michael Salvatori,Moon Over Mombasa Part 2,154
Tool,Schism,149
Dire Straits,Your Latest Trick,148
The Police,Reggatta De Blanc,147
Michael McCann,First and Last,145
Michael McCann,Icarus - Main Theme,145
Michael McCann,The UTULEK Complex Golem City,143
Pink Floyd,Wish You Were Here,143
Michael McCann,Singapore Ambient (Part 2),141
Michael McCann,The Mole,141
Michael McCann,After the Crash,138
Dire Straits,On Every Street,136
Michael McCann,Detroit City Ambient (Part 1),136
Supertramp,Rudy,135
Supertramp,Crime of the Century,132
Kids Fly,Ensemble Dissonance,131
Tool,Lateralus,128
Michael McCann,Barrett Boss Fight,127
Mick Gordon,BFG Division,126
Radiohead,No Surprises,126
Supertramp,Bloody Well Right,126
Supertramp,School,124
Supertramp,The Logical Song,124
Home,Resonance,123
Pink Floyd,The Great Gig in the Sky,119
Red Hot Chili Peppers,Dark Necessities,119
Mick Gordon,At Doom's Gate,117
Mick Gordon,Rip &amp; Tear,117
Supertramp,Breakfast in America,117
The Police,Hungry For You (J'Aurais Toujours Faim De Toi),117
Pink Floyd,Money,116
Dire Straits,Private Investigations,114
Tool,Parabol(a),112
The Police,Does Everyone Stare,111
The Police,The Bed's Too Big Without You,110
Alexander Brandon,UNATCO,105
Pink Floyd,Breathe,105
Pink Floyd,Speak to Me,102
Pink Floyd,Us and Them,100
The Police,Every Breath You Take,100
Yes,Owner of a Lonely Heart,100
Dire Straits,Sultans of Swing,99
Dire Straits,Money for Nothing,97
U2,Beautiful Day,97
Tool,Sober,96
Beastie Boys,Paul Revere,95
Tool,Disposition,95
Tool,Forty Six &amp; 2,95
Pink Floyd,On the Run,94
Nick Arundel,Arkham City Main Theme,92
Pink Floyd,Dogs,90
Pink Floyd,Have a Cigar,90
Home,We're Finally Landing,89
Michael McCann,Sewers,89
Nick Arundel,"How Does It Feel, Pig?",87
Red Hot Chili Peppers,Snow (Hey Oh),86
Home,Decay,85
King Crimson,Frame by Frame,84
Mick Gordon,Harbinger,83
Dire Straits,So Far Away,82
Eagles,One of These Nights,82
Martin O'Donnell &amp; Michael Salvatori,Cloaked in Blackness,82
Linkin Park,Papercut,81
David Buckley,Arkham Knight - Main Theme,80
Mick Gordon,The Only Thing They Fear Is You,80
Muse,Supermassive Black Hole,80
Rage Against the Machine,Wake Up,79
Nick Arundel,Evening the Odds,78
The Police,Spirits in the Material World,77
Pink Floyd,Any Colour You Like,76
Radiohead,Creep,76
Dire Straits,Romeo &amp; Juliet,75
Mick Gordon,Cultist Base,75
Mick Gordon,SkullHacker,74
Radiohead,Karma Police,74
The Police,Message in a Bottle,74
Gentle Giant,Proclamation,73
Rush,Freewill,73
The Police,Invisible Sun,73
Hans Zimmer,Why So Serious?,72
Linkin Park,Points of Authority,72
Muse,Uprising,72
Red Hot Chili Peppers,Under the Bridge,72
Alexander Brandon,Main Theme,71
Keiki Kobayashi,Daredevil,70
Red Hot Chili Peppers,Give It Away,69
Camel,Air Born,68
Camel,Lady Fantasy: Encounter / Smiles for You / Lady Fantasy,68
Dire Straits,Tunnel of Love,68
Tool,Reflection,68
Camel,Supertwister,67
Michael McCann,The UTULEK Complex: Golem City,67
Gorillaz,On Melancholy Hill,66
New Order,Bizarre Love Triangle,66
Yes,Siberian Khatru,66
Gorillaz,Tomorrow Comes Today,65
Martin O'Donnell &amp; Michael Salvatori,Jeopardy,65
Michael McCann,TF29,65
New Order,Age of Consent,65
Pink Floyd,Brain Damage,65
Camel,Freefall,64
Hans Zimmer,Aggressive Expansion,64
Hans Zimmer,Like a Dog Chasing Cars,64
Martin O'Donnell &amp; Michael Salvatori,Lions and Tigers and...,64
Mick Gordon,Uac Report File; Shto36u3,64
Pink Floyd,Eclipse,64
&quot;Weird Al&quot; Yankovic,It’s All About the Pentiums,63
Martin O'Donnell &amp; Michael Salvatori,"Bravery, Brotherhood",63
The Police,Can't Stand Losing You,63
Hans Zimmer,Dust,62
Pink Floyd,Welcome to the Machine,62
Gorillaz,Clint Eastwood,61
Martin O'Donnell &amp; Michael Salvatori,Pale Rider,61
Camel,Nimrodel / The Procession / The White Rider,60
Robert Prince,At Doom's Gate,60
The White Stripes,Seven Nation Army,60
Camel,Dunkirk,58
Camel,Song Within a Song,58
Home,Billiards,58
Mick Gordon,End Of Level,58
Muse,Hysteria,58
Genesis,That's All,57
Tom Petty and The Heartbreakers,Mary Jane's Last Dance,57
Howard Shore,Into the West,56
Linkin Park,Numb,56
The Police,Walking on the Moon,55
Camel,Lunar Sea,54
Gorillaz,Empire Ants,54
Howard Shore,A Knife in the Dark,54
Linkin Park,One Step Closer,54
Martin O'Donnell &amp; Michael Salvatori,Rock in a Hard Place,54
Muse,Assassin,54
Rush,Closer to the Heart,54
Steve Miller Band,Fly Like an Eagle,54
Martin O'Donnell &amp; Michael Salvatori,Unless You Mean To Shoot,53
Mick Gordon,Demonic Corruption,53
Mick Gordon,Hellwalker,53
Pink Floyd,"Another Brick in the Wall, Pt. 2",53
Dire Straits,Communiqué,52
Michael McCann,Home,52
Rush,Fly by Night,52
Scorpions,Wind of Change,52
The Smashing Pumpkins,1979,52
Toto,Africa,52
King Crimson,Level Five,51
Pink Floyd,Pigs (Three Different Ones),51
Sting,Fields of Gold,51
Nine Inch Nails,Closer,50
Radiohead,Paranoid Android,50
Red Hot Chili Peppers,Can't Stop,50
Rush,A Farewell to Kings,50
Rush,Limelight,50
Supertramp,Goodbye Stranger,50
Dire Straits,Love Over Gold,49
Martin O'Donnell &amp; Michael Salvatori,Moon Over Mombasa,49
Michael McCann,Penthouse,49
Rush,Subdivisions,49
Red Hot Chili Peppers,Scar Tissue,48
Stephen Rippy,Shamburger,48
Martin O'Donnell &amp; Michael Salvatori,Not a Number,47
Red Hot Chili Peppers,The Zephyr Song,47
Rush,Working Man,46
Dire Straits,Walk of Life,45
Five Finger Death Punch,A Little Bit Off,45
Pink Floyd,Sheep,45
Rush,Tom Sawyer,45
The Police,King of Pain,45
Alexander Brandon,So It Begins (Deus Ex Main Title),44
Five Finger Death Punch,Sham Pain,44
Rage Against the Machine,Bulls on Parade,44
Alexander Brandon,Battery Park,43
Pink Floyd,"Shine on You Crazy Diamond, Pts. 1-5",43
Tool,Fear Inoculum,43
Led Zeppelin,The Battle of Evermore,42
Martin O'Donnell &amp; Michael Salvatori,Halo Theme Scorpion Mix,42
Nick Arundel,It Was the Joker,42
Pink Floyd,Comfortably Numb,42
The Police,Every Little Thing She Does Is Magic,42
AC/DC,Back in Black,41
Alexander Brandon,Home Base (UNATCO),41
Alexander Brandon,Reyes Gauntlet (Training Room),41
Brad Fiedel,The Terminator (Main Title),41
Foo Fighters,The Pretender,41
Gorillaz,Superfast Jellyfish,41
Hans Zimmer,Day One,41
Howard Shore,The Bridge of Khazad Dum,41
Mick Gordon,The Super Gore Nest,41
Pink Floyd,"Another Brick in the Wall, Pt. 1",41
The Police,Don't Stand So Close to Me,41
Tool,Pneuma,41
Alexander Brandon,Hong Kong Helipad,40
Alexander Brandon,Majestic 12 Laboratories,40
Pearl Jam,Black,40
Pink Floyd,Pigs on the Wing (Part 1),40
Rage Against the Machine,Know Your Enemy,40
Rush,The Spirit of Radio,40
Alexander Brandon,A Tough Decision (Lebedev's Airfield),39
Alexander Brandon,Training,39
Hans Zimmer,Mountains,39
Linkin Park,Somewhere I Belong,39
Ozzy Osbourne,Not Going Away,39
Pink Floyd,Echoes,39
Rage Against the Machine,Take the Power Back,39
Ryo Watanabe,Skies Unknown,39
Yes,Heart of the Sunrise,39
Alexander Brandon,Night Assignment (New York Streets),38
Hans Zimmer,Discombobulate,38
Home,12,38
John Paseano,Spider-Man,38
Pink Floyd,Hey You,38
The Police,So Lonely,38
Thin Lizzy,The Boys Are Back in Town,38
Dire Straits,Industrial Disease,37
Gorillaz,White Light,37
Martin O'Donnell &amp; Michael Salvatori,Infiltrate,37
Radiohead,Airbag,37
Rage Against the Machine,Bullet in the Head,37
The Police,Wrapped Around Your Finger,37
Christopher Larkin,Greenpath,36
Cream,White Room,36
Gorillaz,O Green World,36
King Crimson,Discipline,36
Ludowic,Overdose,36
Martin O'Donnell &amp; Michael Salvatori,Cryptic Whisper,36
Rage Against the Machine,Bombtrack,36
Rush,Red Barchetta,36
The Police,It's Alright For You,36
Yes,Close to the Edge,36
Alexander Brandon,Mission Critical (Unatco Combat),35
King Crimson,Epitaph,451
King Crimson,21st Century Schizoid Man,435
King Crimson,The Court of the Crimson King,434
King Crimson,Starless,393
King Crimson,I Talk to the Wind,363
King Crimson,Moonchild,350
Michael McCann,Opening Credits,337
King Crimson,Cat Food,328
Foster the People,Pumped Up Kicks,239
Dire Straits,Brothers in Arms,214
Gorillaz,Feel Good Inc.,207
Michael McCann,Sandstorm,190
Michael McCann,Prague,184
Michael McCann,Versalife,183
The Police,Bring On The Night,182
Michael McCann,Embrace What You Have Become Trailer,177
Beastie Boys,Intergalactic,176
Michael McCann,Apex Towers,175
Michael McCann,Main Menu Theme,172
Pink Floyd,Time,155
Beastie Boys,Sabotage,154
Martin O'Donnell &amp; Michael Salvatori,Moon Over Mombasa Part 2,154
Tool,Schism,149
Dire Straits,Your Latest Trick,148
The Police,Reggatta De Blanc,147
Michael McCann,First and Last,145
Michael McCann,Icarus - Main Theme,145
Michael McCann,The UTULEK Complex Golem City,143
Pink Floyd,Wish You Were Here,143
Michael McCann,Singapore Ambient (Part 2),141
Michael McCann,The Mole,141
Michael McCann,After the Crash,138
Dire Straits,On Every Street,136
Michael McCann,Detroit City Ambient (Part 1),136
Supertramp,Rudy,135
Supertramp,Crime of the Century,132
Kids Fly,Ensemble Dissonance,131
Tool,Lateralus,128
Michael McCann,Barrett Boss Fight,127
Mick Gordon,BFG Division,126
Radiohead,No Surprises,126
Supertramp,Bloody Well Right,126
Supertramp,School,124
Supertramp,The Logical Song,124
Home,Resonance,123
Pink Floyd,The Great Gig in the Sky,119
Red Hot Chili Peppers,Dark Necessities,119
Mick Gordon,At Doom's Gate,117
Mick Gordon,Rip &amp; Tear,117
Supertramp,Breakfast in America,117
Alexander Brandon,Synapse Awake (The Synapse),30
Bill Kiley,Rain On Brick,30
Gorillaz,El Mañana,30
Rush,Tears,30
Alexander Brandon,Naval Base,29
DJ Electrohead,Hit The Floor,29
Ennio Morricone,The Ecstasy of Gold,29
Hans Zimmer,The Fire Rises,29
Pink Floyd,Learning to Fly,29
Stephen Rippy,I Will Beat On Your Behind,29
The Police,Deathwish,29
The Police,Synchronicity II,29
Alexander Brandon,The Illuminati Reborn (Credits),28
Gorillaz,November Has Come,28
Green Day,Whatsername,28
Home,18,28
Home,Flashlight,28
Home,Sunshower,28
Keiki Kobayashi,Dual Wielder,28
Mick Gordon,Doom Eternal,28
Muse,Invincible,28
Pink Floyd,Run Like Hell,28
Dire Straits,Ride Across the River,27
Home,2,27
Keiki Kobayashi,Yinshi Valley,27
Kevin McMullan,Shookies in the Bank,27
Led Zeppelin,Immigrant Song,27
Ludowic,Katana Zero,27
Ludowic,Panoramic Feelings,27
Michael McCann,Janus,27
Nick Arundel,I Think You Should Do as He Says,27
Pearl Jam,Jeremy,27
Steely Dan,Do It Again,27
Stephen Rippy,Machina del Diablo,27
Stephen Rippy,"Ride, Lawrence, Ride!",27
The Police,Synchronicity I,27
Alexander Brandon,Hong Kong Streets,26
Alexander Brandon,UNATCO Return (Opponent Within),26
Amon Tobin,El Cargo,26
Bill Kiley,End Of The Road,26
Camel,West Berlin,26
Muse,Undisclosed Desires,26
Radiohead,Exit Music (for a Film),26
Robert Prince,Hiding The Secrets,26
Soundgarden,Spoonman,26
Bill Kiley,Snow,25
"Bill Kiley, Justin Stander",Nocturne,25
Kazumi Totaka,Shop Channel,25
Led Zeppelin,Good Times Bad Times,25
Led Zeppelin,The Ocean,25
Metallica,Turn the Page,25
Muse,Starlight,25
Pink Floyd,See Emily Play,25
Pink Floyd,"Shine on You Crazy Diamond, Pts. 6-9",25
Smash Mouth,Walkin' On The Sun,25
Stephen Rippy,Neep Ninny-Bod (Mix 2),25
Stephen Rippy,Voodoodoodoo,25
The Clash,Rock the Casbah,25
The Police,Canary In A Coalmine,25
Alexander Brandon,Conspiracy Theory (Versalife and Majestic 12),24
Bill Kiley,A Fine Red Mist,24
Camel,Another Night,24
Christopher Larkin,Dirtmouth,24
Christopher Larkin,False Knight,24
Collective Soul,Shine,24
Home,Oort Cloud,24
Keiki Kobayashi,Siren's Song,24
Stephen Rippy,Bass Bag (Album Version),24
The Cars,Just What I Needed,24
The Police,Bombs Away,24
The Police,Roxanne,24
Vitalis Eirich,Movement Atnadev,24
&quot;Weird Al&quot; Yankovic,Amish Paradise,23
Alexander Brandon,Ambrosia Hunt (Battery Park),23
Alexander Brandon,DuClare Chateau,23
Camel,Refugee,23
Christopher Larkin,Reflection,23
Hans Zimmer,Rise,23
Metallica,One,23
Mick Gordon,BFG 10k,23
R.E.M.,Losing My Religion,23
Rush,A Passage to Bangkok,23
Stephen Rippy,"Smells Like Crickets, Tastes Like Chicken",23
Sting,Shape Of My Heart,23
The Who,Baba O'Riley,23
Vitalis Eirich,Southeast Side,23
Yes,Roundabout,23
&quot;Weird Al&quot; Yankovic,Bedrock Anthem,22
Amon Tobin,The Lighthouse,22
Asia,Only Time Will Tell,22
Christopher Larkin,Mantis Lords,22
Collective Soul,December,22
Dire Straits,Six Blade Knife,22
Foreigner,Cold as Ice,22
Lenny Kravitz,Fly Away,22
Muse,Resistance,22
New Order,Elegia,22
Ryo Watanabe,Magic Spear I,22
Stephen Rippy,Operation: Monkey,22
Stephen Rippy,T Station,22
Sting,Englishman in New York,22
Supertramp,Dreamer,22
AC/DC,T.N.T.,21
Christopher Larkin,City of Tears,21
CoLD SToRAGE,Messij,21
Dire Straits,Calling Elvis,21
Gorillaz,19-2000,21
King Crimson,Red,21
Led Zeppelin,Kashmir,21
Ludowic,V Limo (New Donk Shitty),21
Muse,Citizen Erased,21
Pink Floyd,The Happiest Days of Our Lives,21
Stephen Rippy,Basura! Basura!,21
Stephen Rippy,Drizzle (Firelight Smoove Mix),21
The Smashing Pumpkins,Zero,21
U2,Pride (in the Name of Love),21
U2,Sunday Bloody Sunday,21
Alexander Brandon,NYC Streets 1,20
Amon Tobin,Displaced,20
Christopher Larkin,Hollow Knight,20
Jesper Kyd,Before the Storm,20
Jesper Kyd,Vegas,20
Joy Division,Disorder,20
Kevin McMullan,Seamus &amp; Chamois,20
Kevin McMullan,The Bovinian Derivative,20
Kevin McMullan,Tide Me Over Warm 'em Ups,20
Led Zeppelin,Black Dog,20
Mick Gordon,Hell On Earth,20
Pink Floyd,Interstellar Overdrive,20
Rage Against the Machine,How I Could Just Kill a Man,20
Stephen Rippy,Carne y Helado,20
Stone Temple Pilots,Interstate Love Song,20
The Police,"De Do Do Do, De Da Da Da",20
The Police,Walking In Your Footsteps,20
Tom Petty,Free Fallin',20
Alexander Brandon,Area 51,19
Christopher Larkin,Crossroads,19
Foreigner,I Want to Know What Love Is,19
Jesper Kyd,Night Time in New Orleans,19
Jethro Tull,Bourée,19
Kenta Nagata,World 1 - Princess Peach's Kingdom,19
Led Zeppelin,Ramble On,19
Loverboy,Working for the Weekend,19
Nirvana,Heart-Shaped Box,19
Rush,The Twilight Zone,19
Stephen Rippy,Pork Parts,19
Stephen Rippy,The Monkey Book,19
The Who,Pinball Wizard,19
The Who,Won't Get Fooled Again,19
Vitalis Eirich,Diamond Dragon,19
Whitesnake,Is This Love,19
Alexander Brandon,Paris Cathedral - Metro,18
Camel,Cloak and Dagger Man,18
Clinton Shorter,The Expanse Main Theme,18
Green Day,Boulevard of Broken Dreams,18
Led Zeppelin,Trampled Under Foot,18
Metallica,Enter Sandman,18
Michael McCann,G.A.R.M.,18
Mick Gordon,BFG Division 2020,18
Mick Gordon,Kalibas The Sightless Judge,18
Nazareth,Hair of the Dog,18
Pink Floyd,In the Flesh?,18
Red Hot Chili Peppers,Otherside,18
Styx,Renegades,18
Supertramp,Give a Little Bit,18
The Jimi Hendrix Experience,All Along the Watchtower,18
The Police,O My God,18
The Smashing Pumpkins,Bullet With Butterfly Wings,18
AC/DC,Thunderstruck,17
Alexander Brandon,NYC Streets 2 (Mission Eight),17
Camel,Fingertips,17
Christopher Larkin,Hornet,17
Collective Soul,Listen,17
Dire Straits,Twisting By the Pool,17
Home,Fata Morgana (Interlude),17
Jesper Kyd,Amb Zone,17
Jesper Kyd,Apocalypse,17
Jesper Kyd,Club Heaven,17
Joy Division,Transmission,17
Living Colour,Cult of Personality,17
"Shiho Fujii, Ryo Nagamatsu, Kenta Nagata",Lava,17
Stephen Rippy,Case in Point: Paste,17
Stephen Rippy,Tazer,17
Stone Temple Pilots,Big Empty,17
The Cars,Drive,17
The Police,Voices Inside My Head,17
The Rolling Stones,(I Can't Get No) Satisfaction,17
The Who,Behind Blue Eyes,17
Blue Öyster Cult,(Don't Fear) The Reaper,16
Daft Punk,"Harder, Better, Faster, Stronger",16
Danny Elfman,The Little Things,16
Dire Straits,Heavy Fuel,16
Foo Fighters,Everlong,16
Genesis,Firth of Fifth,16
Led Zeppelin,Misty Mountain Hop,16
Mick Gordon,Everything Is Going to Be Okay,16
Robert Prince,The Demons From Adrian's Pen,16
Ryo Nagamatsu,Title Screen,16
Scorpions,Rock You Like a Hurricane,16
The White Stripes,Icky Thump,16
"Tunç Çakır, LudoWic",Blue Room (KZ-version),16
ZZ Top,La Grange,16
Aperture Science Psychoacoustics Laboratory,Self Esteem Fund,15
Asia,Heat of the Moment,15
Audioslave,Like a Stone,15
Christopher Larkin,Fungal Wastes,15
Cream,Sunshine of Your Love,15
Dire Straits,One World,15
Foreigner,Urgent,15
Jesper Kyd,Hunter,15
Jethro Tull,Aqualung,15
Led Zeppelin,Moby Dick,15
Led Zeppelin,Stairway to Heaven,15
Ludowic,The Sandman 1,15
Ozzy Osbourne,I Don't Wanna Stop,15
"Shiho Fujii, Ryo Nagamatsu, Kenta Nagata",World 7 - Cloud World,15
"Shiho Fujii, Ryo Nagamatsu, Kenta Nagata",World 8 - Bowser’s World,15
Starship,We Built This City,15
Styx,Mr. Roboto,15
The Police,Darkness,15
The Police,Secret Journey,15
The Police,Tea In The Sahara,15
The Prodigy,Invaders Must Die,15
Toto,Hold the Line,15
Van Halen,Jump,15
Van Halen,Runnin With The Devil,15
Vitalis Eirich,Fleisch und Eiscreme,15
永田権太,Snow,15
永田権太,Underground,15
&quot;Weird Al&quot; Yankovic,Money for Nothing/Beverly Hillbillies,14
Aperture Science Psychoacoustics Laboratory,Cara Mia Addio,14
Camel,Chord Change,14
Genesis,Invisible Touch,14
Martin O'Donnell &amp; Michael Salvatori,Three Gates,14
Michael McCann,Distorted Reality,14
Oasis,Wonderwall,14
Pink Floyd,Pigs on the Wing (Part 2),14
"Shiho Fujii, Ryo Nagamatsu, Kenta Nagata",Jungle,14
"Shiho Fujii, Ryo Nagamatsu, Kenta Nagata",World 5 - Jungle World,14
The Rolling Stones,Sympathy for the Devil,14
The Smashing Pumpkins,"Tonight, Tonight",14
Aperture Science Psychoacoustics Laboratory,Robot Waiting Room #4,13
Black Sabbath,Iron Man,13
Boston,Peace of Mind,13
David Bowie,Fame,13
Deep Purple,Smoke on the Water,13
Foreigner,Head Games,13
Hans Zimmer,The Electro Suite,13
Howard Shore,The Uruk-Hai,13
Kenta Nagata,Ground,13
Led Zeppelin,Four Sticks,13
Martin O'Donnell &amp; Michael Salvatori,Deference For Darkness,13
Martin O'Donnell &amp; Michael Salvatori,How to Get Ahead in War,13
Scorpions,No One Like You,13
"Shiho Fujii, Ryo Nagamatsu, Kenta Nagata",Beach,13
Stephen Rippy,Quest for Bacon,13
The Rolling Stones,Gimme Shelter,13
The Who,Who Are You,13
U2,Where the Streets Have No Name,13
&quot;Weird Al&quot; Yankovic,Canadian Idiot,12
&quot;Weird Al&quot; Yankovic,The Saga Begins,12
AC/DC,Highway to Hell,12
AC/DC,Moneytalks,12
AC/DC,You Shook Me All Night Long,12
Aperture Science Psychoacoustics Laboratory,9999999,12
Aperture Science Psychoacoustics Laboratory,Comedy = Tragedy + Time,12
Blue Öyster Cult,Sole Survivor,12
CoLD SToRAGE,Operatique,12
Coldplay,Clocks,12
Dio,Rainbow in the Dark,12
Foreigner,Juke Box Hero,12
Hans Zimmer,S.T.A.Y.,12
Howard Shore,Forth Eorlingas,12
Howard Shore,The Fields of Pelennor,12
Kansas,Carry on Wayward Son,12
Linkin Park,What I've Done,12
Nirvana,In Bloom,12
Stephen Rippy,Quest for Jam,12
System of a Down,Chop Suey!,12
The Beatles,For No One,12
The Doors,Light My Fire,12
The Police,Miss Gradenko,12
The Rolling Stones,Start Me Up,12
U2,New Year's Day,12
U2,With or Without You,12
Aperture Science Psychoacoustics Laboratory,4000 Degrees Kelvin,11
Aperture Science Psychoacoustics Laboratory,Android Hell,11
Aperture Science Psychoacoustics Laboratory,Halls Of Science 4,11
Aperture Science Psychoacoustics Laboratory,Robot Waiting Room #6,11
Aperture Science Psychoacoustics Laboratory,Science is Fun,11
Bad Company,Bad Company,11
Black Sabbath,War Pigs,11
Blue Öyster Cult,Burnin for You,11
Bon Jovi,It's My Life,11
Camel,Pressure Points,11
Hans Zimmer,Gotham's Reckoning,11
Hans Zimmer,Tears In The Rain,11
Howard Shore,Andúril,11
Howard Shore,The Black Gate Opens,11
Howard Shore,The Breaking of the Fellowship,11
Howard Shore,The Ride of the Rohirrim,11
Journey,Lights,11
Journey,Separate Ways (Worlds Apart),11
Keiki Kobayashi,Hush,11
Led Zeppelin,Heartbreaker,11
Led Zeppelin,Whole Lotta Love,11
Ludowic,The Sandman 2,11
Metallica,Wherever I May Roam,11
Michael Jackson,Billie Jean,11
Ozzy Osbourne,Bark at the Moon,11
Pearl Jam,Even Flow,11
Ratt,Round and Round,11
Stephen Rippy,Quest For Butter,11
Stephen Rippy,Quest for Eggs,11
Sting,Desert Rose,11
Tears for Fears,Everybody Wants to Rule the World,11
The Smashing Pumpkins,Cherub Rock,11
UK,In The Dead Of Night,11
Vitalis Eirich,Hazulu,11
Aerosmith,Dream On,10
Alexander Brandon,Liberty Island,10
"Asuka Ohta, Ryo Nagamatsu",Main Menu,10
Blue Öyster Cult,Godzilla,10
Boston,More Than a Feeling,10
CoLD SToRAGE,Kinkong,10
Gorillaz,Dirty Harry,10
Hans Zimmer,I'm Going Home,10
Hans Zimmer,Stay,10
Howard Shore,Concerning Hobbits,10
Michael McCann,Battle for the Future,10
Mick Gordon,Alex Theme,10
Moby,Extreme Ways,10
Nazareth,Love Hurts,10
Robert Prince,Dark Halls,10
Scorpions,Big City Nights,10
Stephen Rippy,Quest for Bread,10
The Doors,Riders on the Storm,10
Van Halen,Ain't Talkin Bout Love,10
Van Halen,Dance the Night Away,10
&quot;Weird Al&quot; Yankovic,I Can't Watch This,9
&quot;Weird Al&quot; Yankovic,I Love Rocky Road,9
&quot;Weird Al&quot; Yankovic,Theme from Rocky XIII (the Rye or the Kaiser),9
Aperture Science Psychoacoustics Laboratory,(defun botsbuildbots () (botsbuildbots)),9
Billy Squier,Lonely Is The Night,9
CoLD SToRAGE,Tentative,9
CoLD SToRAGE,Wipeout Intro,9
Guns N' Roses,November Rain,9
Hans Zimmer,Blood on My Hands,9
Howard Shore,The Bridge of Khazad-Dûm,9
Led Zeppelin,When the Levee Breaks,9
Lynyrd Skynyrd,Free Bird,9
Metallica,Battery,9
Metallica,Nothing Else Matters,9
Metallica,Ride the Lightning,9
Metallica,The Unforgiven,9
Metallica,Welcome Home (Sanitarium),9
Michael McCann,Martial Law,9
Nirvana,Lithium,9
Raphael Colantonio,Semi Sacred Geometry,9
Robert Prince,Deep Into The Code,9
Rush,2112: I. Overture / II. The Temples of Syrinx / III. Discovery / IV. Presentation / V. Oracle: the Dream / VI. Soliloquy / VII. Grand Finale,9
The Jimi Hendrix Experience,Purple Haze,9
The Smashing Pumpkins,The Beginning Is the End Is the Beginning,9
The Who,Underture,9
Van Halen,Panama,9
&quot;Weird Al&quot; Yankovic,Germs,8
&quot;Weird Al&quot; Yankovic,White &amp; Nerdy,8
AC/DC,Dirty Deeds Done Dirt Cheap,8
Aerosmith,Rag Doll,8
Aerosmith,Sweet Emotion,8
Alice in Chains,Rooster,8
Aperture Science Psychoacoustics Laboratory,Concentration Enhancing Menu Initialiser,8
"Asuka Ohta, Ryo Nagamatsu",Title,8
Bill Kiley,Sneaky Driver,8
Bon Jovi,Wanted Dead or Alive,8
CoLD SToRAGE,Kinkong - Mix 2,8
Dire Straits,Telegraph Road,8
Dire Straits,The Man’s Too Strong,8
Eagles,Hotel California,8
Ennio Morricone,"The Good, the Bad and the Ugly",8
Foreigner,Hot Blooded,8
Hans Zimmer,And I Thought My Jokes Were Bad,8
Hans Zimmer,Dreaming of the Crash,8
Hans Zimmer,I'm Not a Hero,8
Hans Zimmer,No Time For Caution,8
Hans Zimmer,The Shadows Betray You,8
Junkie XL,Blood Bag,8
Junkie XL,Brothers In Arms,8
Metallica,Fade to Black,8
Metallica,Welcome Home,8
Michael Jackson,Beat It,8
Michael McCann,The Machine God,8
Michael McCann,The Orchid,8
Moby,We Are All Made of Stars,8
Nirvana,Smells Like Teen Spirit,8
Ozzy Osbourne,Shot in the Dark,8
Pink Floyd,Goodbye Blue Sky,8
Pink Floyd,The Thin Ice,8
Rush,Something for Nothing,8
The Rolling Stones,Paint It Black,8
The Smashing Pumpkins,Disarm,8
永田権太,Underground (Yoshi),8
&quot;Weird Al&quot; Yankovic,Eat It,7
AC/DC,It's a Long Way to the Top (If You Wanna Rock 'N' Roll),7
Alice in Chains,Man in the Box,7
Aperture Science Psychoacoustics Laboratory,Procedural Jiggle Bone,7
Aperture Science Psychoacoustics Laboratory,Robot Waiting Room #1,7
Beastie Boys,Sure Shot,7
Bryan Adams,Summer of '69,7
CoLD SToRAGE,Cairodrome,7
CoLD SToRAGE,Plasticity,7
Dio,Holy Diver,7
Hans Zimmer,A Little Push,7
Hans Zimmer,Agent of Chaos,7
Hans Zimmer,Fear Will Find You,7
Hans Zimmer,Introduce a Little Anarchy,7
Keiki Kobayashi,Zero,7
Ludwig Goransson,Speederbikes,7
Marco Beltrami and Buck Sanders,Le Mans 66,7
Martin O'Donnell &amp; Michael Salvatori,Halo Theme Mjolnir Mix,7
Matt Piersall,Into the Tunnels,7
Metallica,"Damage, Inc.",7
Michael McCann,Palisade Bank,7
Moby,Porcelain,7
Navie D,Sambafellas,7
Pink Floyd,Stop,7
Pink Floyd,Young Lust,7
Robert Prince,Demons on the Prey,7
Robert Prince,Donna to the Rescue,7
The Police,Murder By Numbers,7
The Smashing Pumpkins,Soma,7
&quot;Weird Al&quot; Yankovic,Callin 'In Sick,6
&quot;Weird Al&quot; Yankovic,Couch Potato,6
&quot;Weird Al&quot; Yankovic,Smells Like Nirvana,6
AC/DC,Shoot to Thrill,6
Beastie Boys,Brass Monkey,6
Beastie Boys,Fight for Your Right,6
Bon Jovi,Livin' on a Prayer,6
Boston,Foreplay / Long Time,6
CoLD SToRAGE,Canada,6
CoLD SToRAGE,DOH-T,6
CoLD SToRAGE,Messij Received,6
Darbarfestival,Carnatic Music | Jayanthi Kumaresh | Raga Kapi - Alapana | Music of India,6
Gorillaz,DARE,6
Gorillaz,Don't Get Lost in Heaven,6
Gorillaz,Kids With Guns,6
Gorillaz,Rhinestone Eyes,6
Green Day,American Idiot,6
Hans Zimmer,A Storm Is Coming,6
Junkie XL,Chapter Doof,6
Michael McCann,Breaching the Veil,6
Michael McCann,Dark Days,6
Mötley Crüe,Kickstart My Heart,6
Nine Inch Nails,Head Like a Hole,6
Ozzy Osbourne,Crazy Train,6
Ozzy Osbourne,No More Tears,6
Pink Floyd,Goodbye Cruel World,6
R.E.M.,It's the End of the World as We Know It (and I Feel Fine),6
Rage Against the Machine,Calm Like a Bomb,6
Robert Prince,Intermission From Doom,6
Samuel Barber,Adagio For Strings,6
Soundgarden,Black Hole Sun,6
Styx,Come Sail Away,6
ZZ Top,Cheap Sunglasses,6
Aperture Science Psychoacoustics Laboratory,The Future Starts With You,5
Bryan Adams,Cloud Number Nine,5
C418,Minecraft,5
C418,Sweden,5
Camel,Pressure Points (Instrumental),5
Code:Manta,DFCK,5
Don McLean,American Pie,5
Hans Zimmer,On Thin Ice,5
John Williams,Duel of the Fates,5
Joy Division,No Love Lost,5
Keiki Kobayashi,Space Elevator,5
Linkin Park,New Divide,5
Ludwig Goransson,Night Riders,5
Martin O'Donnell &amp; Michael Salvatori,Impart,5
Metallica,Fight Fire With Fire,5
Metallica,Master of Puppets,5
Michael Jackson,Thriller,5
Michael McCann,DR. Koller,5
Michael McCann,Main Menu,5
Mick Gordon,No Gravity,5
Nirvana,Come as You Are,5
Pink Floyd,Don't Leave Me Now,5
Pink Floyd,Empty Spaces,5
Pink Floyd,Is There Anybody Out There?,5
Pink Floyd,Nobody Home,5
Propellerheads,Spybreak!,5
Rage Against the Machine,Freedom,5
Raphael Colantonio,Mind Game,5
Robert Prince,Mouth For War,5
Robert Prince,The Imp's Song,5
The Scorpions,No One Like You,5
Vitalis Eirich/Stephen Rippy,Quest for Bacon,5
Vitalis Eirich/Stephen Rippy,Quest for Eggs,5
Yes,Long Distance Runaround,5
&quot;Weird Al&quot; Yankovic,I'll Sue Ya,4
&quot;Weird Al&quot; Yankovic,King Of Suede,4
Aperture Science Psychoacoustics Laboratory,Still Alive,4
Camel,Aristillus,4
Camel,Spirit of the Water,4
Christopher Larkin,Enter Hallownest,4
CoLD SToRAGE,Body in Motion,4
CoLD SToRAGE,Body Plus - &quot;Body in Motion&quot; Remix,4
CoLD SToRAGE,God's Gift,4
CoLD SToRAGE,Messij Extended,4
"David Rippy, Stephen Rippy",Drizzle (Firelight Smoove Mix),4
Gorillaz,Fire Coming Out of the Monkey's Head,4
Green Day,When I Come Around,4
Jethro Tull,"Thick as a Brick, Part II",4
John Williams,Anakin vs. Obi-Wan,4
John Williams,Cantina Band,4
Keiki Kobayashi,Rescue,4
Ludwig Goransson,Back for Beskar,4
Ludwig Goransson,The Mandalorian,4
Ludwig Göransson,The Mandalorian,4
Ludwig Göransson,To the Jawas,4
Metallica,Orion,4
Metrik,Bring It Like That,4
Micheal Giaccino,Star Trek Main Theme,4
Mick Gordon,December and January,4
Mick Gordon,The DOOM Hunter,4
Mick Gordon,The Experiment,4
Mick Gordon,You Can't Just Shoot A Hole Into The Surface Of Mars,4
Nirvana,All Apologies,4
Pink Floyd,One of My Turns,4
Pink Floyd,The Show Must Go On,4
Robert Prince,Sinister,4
Steve Miller Band,The Joker,4
The White Stripes,Conquest,4
Tool,Parabol,4
Vitalis Eirich/Stephen Rippy,Quest for Bread,4
Whitesnake,Here I Go Again,4
&quot;Weird Al&quot; Yankovic,Velvet Elvis,3
Aerosmith,Back in the Saddle,3
Aperture Science Psychoacoustics Laboratory,Forwarding the Cause of Science,3
Camel,After Words (Instrumental),3
Camel,Earthrise,3
Camel,Long Goodbyes,3
CoLD SToRAGE,BONUS TRACK : Power Soccer '97,3
CoLD SToRAGE,BONUS TRACK : Sensible Soccer Main Menu,3
CoLD SToRAGE,Tenation,3
CoLD SToRAGE,Xenon,3
Dire Straits,Romeo and Juliet,3
Forty Six &amp; 2,Tool - Forty Six &amp; 2,3
Genesis,Watcher of the Skies,3
Green Day,Brain Stew,3
Green Day,Welcome to Paradise,3
Hans Zimmer,Dream of Arrakis,3
Home,If I'm Wrong,3
Home,Overflow,3
Ian Livingstone &amp; Phonat,Main Menu Theme 5,3
King Crimson,Elephant Talk,3
King Crimson,Heartbeat,3
Logic,No Pressure,3
Ludwig Goransson,Brown Eyes,3
Ludwig Goransson,Hey Mando!,3
Ludwig Goransson,Nurse and Protect,3
Ludwig Goransson,Nurse Droid,3
Ludwig Goransson,To the Jawas,3
Michael McCann,And Away We Go,3
Michael McCann,Detroit Marketplace,3
Michael McCann,Harvesters,3
Michael McCann,Hung Hua Brothel (Extended),3
Michael McCann,LIMB Clinic,3
Michael McCann,Return to Hengsha,3
Mick Gordon,Blood Sacrifice,3
Mick Gordon,Human Elements,3
Mick Gordon,Paradise Lost,3
Mick Gordon,Phobos Space,3
Mitsuhiro Kitadani,Main Menu,3
nounverber,V A P E,3
Pink Floyd,Bring the Boys Back Home,3
Pink Floyd,Mother,3
Pink Floyd,Outside the Wall,3
Pink Floyd,Vera,3
Rage Against the Machine,Renegades of Funk,3
Robert Prince,Sign Of Evil,3
Robert Prince,Waltz Of The Demons,3
Sam Hulick,Resynthesis,3
Stephen Rippy,Pudding Pie,3
The Jimi Hendrix Experience,Voodoo Child (Slight Return),3
The Offspring,Pretty Fly (For a White Guy),3
The Police,Omegaman,3
The Smashing Pumpkins,Mayonaise,3
Tool,Parabola,3
Yes,The Fish (Schindleria Praematurus),3
Alexander Brandon,Alien Influence (Area 51),2
Alexander Brandon,Assault At Oceanlab (Oceanlab Combat),2
Alexander Brandon,Beneath the Waves (Oceanlab),2
Alexander Brandon,Hong Kong Canal (Desolation),2
Amon Tobin,The Clean Up,2
Aperture Science Psychoacoustics Laboratory,Subject Name Here,2
Aperture Science Psychoacoustics Laboratory,You're Not a Good Person,2
Apeture Science Psychoacoustic Labratory,Self Esteem Fund,2
Ben Crossbones,Stranded,2
C418,Subwoofer Lullaby,2
C418,Ward,2
Camel,Missing (Instrumental),2
Camel,Vopos,2
Christopher Tin,Baba Yetu,2
CoLD SToRAGE,BONUS TRACK : Scratch Pad 1,2
CoLD SToRAGE,BONUS TRACK : Sensible Soccer Credits,2
CoLD SToRAGE,Cardinal Dancer,2
CoLD SToRAGE,Cold Comfort,2
CoLD SToRAGE,Surgeon,2
CoLD SToRAGE,Trancevaal,2
Darbarfestival,"Intense Tani Avartanam | Dr. Trichy Sankaran, Giridhar Udupa, &amp; Lalgudi siblings | Music of India",2
Darbarfestival,Sudha Ragunathan | Raga Abheri | Carnatic Melody | Music of India,2
Dire Straits,The Man's Too Strong,2
Gorillaz,Demon Days,2
Green Day,Basket Case,2
Guns N' Roses,Welcome to the Jungle,2
Hans Zimmer,A Place Among the Stars,2
Hans Zimmer,Always A Catch,2
Hans Zimmer,Bene Gesserit,2
Hans Zimmer,I Am The Batman,2
Hans Zimmer,Message From Home,2
Hans Zimmer,Running Out,2
Hans Zimmer,The Wormhole,2
Hans Zimmer,What Happens Now?,2
Home,13,2
Home,4,2
Home,Before The Night,2
Home,Climbing Out,2
Home,Dusk,2
Home,Flood,2
Home,Hold,2
Home,Hold Your Breath,2
Home,I See You,2
Home,Intro,2
Home,Night Swim,2
Home,Nights (I Wish I Could Be There),2
Home,Nosebleed,2
Home,Puzzle,2
Home,Pyxis,2
Home,Sun,2
Home,This Will Pass,2
Home,Tides,2
Jack Wall &amp; Sam Hulick,Mass Effect Theme,2
Jesper Kyd,47 Attacks,2
Jesper Kyd,Action in Paris,2
Joan Jett and the Blackhearts,I Love Rock 'n' Roll,2
Junkie XL,Storm Is Coming,2
Keiki Kobayashi,Charge Assault,2
King Gizzard &amp; The Lizard Wizard,Crumbling Castle,2
King Gizzard And The Lizard Wizard,Crumbling Castle,2
Logic,Hit My Line,2
Ludwig Goransson,A Warrior's Death,2
Ludwig Goransson,Blurg Attack,2
Ludwig Goransson,Mando Flies,2
Ludwig Goransson,Mando's Back,2
Ludwig Goransson,The Baby,2
Ludwig Goransson,Troopers,2
Ludwig Göransson,Back for Beskar,2
Ludwig Göransson,Mando Flies,2
Ludwig Göransson,Nurse and Protect,2
Michael McCann,Entering TYM,2
Michael McCann,Everybody Lies,2
Michael McCann,Lower Hengsha Ambient (Part 1),2
Michael McCann,The Hive,2
Mick Gordon,Barging In,2
Mick Gordon,Blood Harvesting,2
Mick Gordon,Gladiator Boss,2
Mick Gordon,Infiltrate The Cult,2
Mick Gordon,Maykr Drones,2
Mick Gordon,Meathook,2
Mick Gordon,Metal Hell,2
Mick Gordon,The Phantoms,2
Mick Gordon,The Truth Will Set You Free,2
Mick Gordon,Typhon Voices,2
Mick Gordon,VEGA Core,2
Mick Gordon - Topic,At Doom's Gate,2
Mick Gordon &amp; Chad Mossholder,Demonic Corruption,2
Mick Gordon &amp; Chad Mossholder,End of Level,2
Mick Gordon &amp; Chad Mossholder,The Super Gore Nest,2
Navie D,Slinky,2
Navie D,Squeeez,2
New Order,Temptation,2
Pink Floyd,Bike,2
Pink Floyd,In the Flesh,2
Pink Floyd,The Trial,2
Pink Floyd,Waiting for the Worms,2
Rage Against the Machine,Fistful of Steel,2
Rage Against the Machine,People of the Sun,2
Ram Jam,Black Betty,2
Robert Prince,Kitchen Ace (And Taking Names),2
Robert Prince,Suspense,2
Rush,Cygnus X-1 (Book One - The Voyage),2
Rush,Lessons,2
Stephen Rippy,Rich Corinthian Leather,2
Stephen Rippy,Uluzah,2
The Offspring,The Kids Aren't Alright,2
Todd Masten,Age of Empires II Main Theme,2
Todd Masten,Drizzle,2
Todd Masten,Machina del Diablo,2
Todd Masten,Maps of the World,2
Todd Masten,Ready for Battle,2
Todd Masten,T Station,2
Tool,Rosetta Stoned,2
Tool,Tool - Lateralus,2
Vangelis,Tears in Rain,2
Whitesnake,Still of the Night,2
Zack Bower,Operation Monkey (HD Edition Mix),2
Zack Bower,Shamburger (HD Edition Mix),2
AC/DC,Rock and Roll Ain’t Noise Pollution,1
Aerosmith,Same Old Song and Dance,1
Aerosmith,Walk This Way,1
Alexander Brandon,Area,1
Alexander Brandon,Credits (The Illuminati),1
Alexander Brandon,Helios And Icarus (Endin,1
Alexander Brandon,Helios Ending,1
Alexander Brandon,Hong Kong Club 2,1
Alexander Brandon,NYC Ba,1
Alexander Brandon,OceanLab 2,1
Alexander Brandon,Vandenberg,1
Amon Tobin,Hokkaido,1
Aperture Science Psychoacoustics Laboratory,I Saw a Deer Today,1
Aperture Science Psychoacoustics Laboratory,Still Alive (J.C. Mix),1
Aperture Science Psychoacoustics Laboratory,The Reunion,1
Aperture Science Psychoacoustics Laboratory,Your Precious Moon,1
Apeture Science Psychoacoustic Labratory,Subject Name Here,1
Bill Kiley,Tied Up The Moment,1
Brad Fiedel,Terminator Gets Guns/Search for Sarah,1
,,1
,,1
,,1
,,1
,,1
,,1
,,1
,,1
,,1
,,1
Camel,Stationary Traveller (Instrumental),1
Chamillionaire,Ridin',1
Christopher Larkin,Dream,1
Christopher Larkin,Resting Grounds,1
Christopher Larkin,Soul Sanctum,1
CODE:MANTA - Topic,DFCK,1
CoLD SToRAGE,BONUS TRACK : Foeter,1
Darbarfestival,Amazing Carnatic music | Jayanthi Kumaresh | Raga Shanmukhapriya | Saraswati Veena | Music of India,1
Darbarfestival,Carnatic Music | Jayanthi Kumaresh | Raga Kapi - Thillana | Music of India,1
Darbarfestival,Magical Ragamalika | Ganesh &amp; Kumaresh | Carnatic Violin | Music of India,1
Darbarfestival,Power of Carnatic Violin | Thillana | Lalgudi GJR Krishnan and Vijayalakshmi | Music of India,1
Derek and the Dominos,Layla,1
Dire Straits,Local Hero/Wild Theme,1
Eddie Money,Baby Hold On,1
Eminem,Lose Yourself,1
ghatamudupa,Vidwan Umayalpuram K Sivaraman I Ghatam Giridhar Udupa I Mridangam I Ghatam,1
Gorillaz,All Alone,1
Gorillaz,Intro,1
Gorillaz,Last Living Souls,1
Hans Zimmer,A Dark Knight,1
Hans Zimmer,Atmospheric Entry,1
Hans Zimmer,Blood for Blood,1
Hans Zimmer,Born In Darkness,1
Hans Zimmer,Burning Palms,1
Hans Zimmer,Coward,1
Hans Zimmer,Detach,1
Hans Zimmer,Do Not Go Gentle Into That Good Night,1
Hans Zimmer,First Step,1
Hans Zimmer,Flying Drone,1
Hans Zimmer,Gom Jabbar,1
Hans Zimmer,Harvey Two-Face,1
Hans Zimmer,Herald of the Change,1
Hans Zimmer,Holy War,1
Hans Zimmer,Imperfect Lock,1
Hans Zimmer,Leaving Caladan,1
Hans Zimmer,Rain,1
Hans Zimmer,Sanctuary,1
Hans Zimmer,Stranded,1
Hans Zimmer,The Fall,1
Hans Zimmer,The One,1
Hans Zimmer,Underground Army,1
Hans Zimmer,Vespertilio,1
Hans Zimmer,Watch the World Burn,1
Hans Zimmer &amp; James Newton Howard,Antrozous,1
Hans Zimmer; Benjamin Wallfisch,Mesa,1
Hans Zimmer; Benjamin Wallfisch,Sapper's Tree,1
Hans Zimmer; Benjamin Wallfisch,That's Why We Believe,1
Henry Mancini,Pink Panther Theme,1
Hom,ome ,1
Hom,ome ,1
Hom,ome ,1
Home,20,1
Home,22,1
Home,24,1
Home,25,1
Home,26,1
Home,29,1
Home,,1
Home,5,1
Home,6,1
Home,9,1
Home,Odyssey,1
Home,Oracle,1
Home,Sleep,1
Howard Shore,Amon Hen,1
Howard Shore,Cirith Ungol,1
Howard Shore,Lothlorien,1
Howard Shore,Minas Tirith,1
Howard Shore,The Black Gate Is Closed,1
Howard Shore,The Prophecy,1
Howard Shore,The Riders of Rohan,1
Howard Shore,The Treason of Isengard,1
Ian Livingstone &amp; Phonat,Endurance Intro,1
Ian Livingstone &amp; Phonat,Loading Theme 5,1
Ian Livingstone &amp; Phonat,Main Menu Theme 2,1
Ian Livingstone &amp; Phonat,Main Menu Theme 3,1
Ilan Eshkeri,Forgotten Song,1
Ilan Eshkeri,Jin Sakai,1
ilikesmecookies,Star Wars Republic Commando Soundtrack - Vode An,1
Jack Wall,Criminal Elements,1
Jack Wall,Liara's World,1
Jack Wall,Saren,1
Jack Wall,The Presidium,1
Jack Wall,The Wards,1
Jack Wall,Vigil,1
Jesper Kyd,Trouble in Vegas,1
Jesse Harlin,Vode An,1
Jesse Harlin,Vode An (Brothers All),1
John Paesano,Spider-Man,1
John Williams,The Imperial March (Darth Vader's Theme),1
Journey,Any Way You Want It,1
Justin Stander,A Tense Moment,1
Keiki Kobayashi,Fort Grays Air Base Hangar,1
Kevin McMullan,"Last Name Crane, Ichabod",1
Led Zeppelin,Communication Breakdown  (,1
Led Zeppelin,Moby Dick (Remaster),1
Led Zeppelin,Ramble On (remaster),1
Logic,GP4,1
Ludowic,Katana ZERO (OST-version),1
Ludowic,Prison Ai,1
Ludowic,Prison Air 2,1
Ludvig Forssell,Forward Operating Base,1
Ludwig Goransson,A Friend,1
Ludwig Goransson,Bounty Droid,1
Ludwig Goransson,Camp Attack,1
Ludwig Goransson,Invaders on Their Land,1
Ludwig Goransson,Raiders,1
Ludwig Goransson,The Ewebb,1
Ludwig Goransson,The Mudhorn,1
Ludwig Goransson,What Remains in the Tunnels,1
Ludwig Göransson,What Remains in the Tunnels,1
Martin O'Donnell &amp; Michael Salvatori,Choreographic,1
Martin O'Donnell &amp; Michael Salvatori,Halo Theme Gungnir Mix (feat. Steve Vai),1
Martin O'Donnell &amp; Michael Salvatori,Paranoid Illusions,1
Martin O'Donnell &amp; Michael Salvatori,Spartan's Regret,1
Martin O'Donnell &amp; Michael Salvatori,Still Moving,1
Martin O'Donnell &amp; Michael Salvatori,Strung,1
Martin O'Donnell &amp; Michael Salvatori,Tribute,1
Martin O'Donnell &amp; Michael Salvatori,Walking Away,1
Martin O'Donnell &amp; Michael Salvatori,Xenoarchaeology,1
Michael Jackson,Bad,1
Michael McCann,Endings,1
Michael McCann,Jewel of the Orient,1
Michael McCann,Kinshasa: Fight Theme [360],1
Michael McCann,Namir (Trailer Edit),1
Michael McCann,New York: Ambient [Par,1
Mick Gordon,A Cultist Prayer,1
Mick Gordon,Acquiring The BFG,1
Mick Gordon,Asteroids And Rockets,1
Mick Gordon,Biowaves,1
Mick Gordon,Command and Control,1
Mick Gordon,Mars Core,1
Mick Gordon,Neuromods,1
Mick Gordon,Phobos Base,1
Mick Gordon,Soul Extraction,1
Mick Gordon,The Baron Of Hell,1
Mick Gordon,The Betrayer,1
Mick Gordon,The Icon of Sin,1
Mick Gordon,The Khan Maykr,1
Mick Gordon - Topic,SkullHacker,1
Mick Gordon &amp; Chad Mossholder,Doomed Hunter,1
Mick Gordon &amp; Chad Mossholder,Maykr Drones,1
Navie D,Cave Crawl,1
Navie D,DSM-V,1
Navie D,Junkyard King,1
Navie D,Pulse,1
Navie D,Requium for Rose,1
Navie D,Stop and Watch,1
Noisecream,Discrete,1
Numb,Numb,1
Paul Lipson Lennie Moore Tom Salta Brian Trifon Brian Lee White Martin O'Donnell Michael Salvatori,Halo Theme Scorpion Mix,1
Paul Lipson Lennie Moore Tom Salta Brian Trifon Brian Lee White Martin O'Donnell Michael Salvatori,Moon Over Mombasa Part 2,1
Pink Floyd,Cluster One,1
Rage Against the Machine,Sleep Now in the Fire,1
Rage Against the Machine,Township Rebellion,1
Richard Jacques/Jack Wall &amp; Sam Hulick,Spectre Induction,1
Richard Jacques/Jack Wall &amp; Sam Hulick,The Citadel,1
Rush,,1
Rush,Xanadu,1
Sam Hulick,A Very Dangerous Place,1
Sam Hulick,Battle At Eden Prime,1
Sam Hulick,The Normandy,1
Stephen Rippy,A Cat Named Mittens,1
Stephen Rippy,Across the Ocean Sea,1
Stephen Rippy,Bass Bag,1
Stephen Rippy,Get Ye Sum,1
Stephen Rippy,Lastname Craneichabod,1
Stephen Rippy,Noddinagushpa (Main Title),1
Stephen Rippy,Take His Toes,1
Steve Buick,Peter F. Hamilton’s Salvation: Atmospheres and Soundscapes,1
Stone Temple Pilots,Plush,1
Survivor,Eye of the Tiger,1
System of a Down,Aerials,1
The Guess Who,American Woman,1
The Scorpions,Rock You Like A Hurricane,1
TheOfficialLobst,Andromeda,1
TheOfficialLobst,Moon Pool,1
Todd Masten,Bass Bag,1
Todd Masten,Carne y Helado,1
Todd Masten,Flesh and Ice Cream,1
Todd Masten,I Will Beat on Your Behind,1
Todd Masten,Neep Ninny Bod,1
Todd Masten,Ride Lawrence Ride,1
Todd Masten,Shamburger,1
Todd Masten,Shookies in the Bank,1
Todd Masten,The Monkey Book,1
Tool,Triad,1
Toto,Main Title,1
Toto,Paul Meets Chani,1
Toto,Prologue,1
Yes,Cans and Brahms,1
Yes,We Have Heaven,1
Yes + Pink Floyd,Roundabout + Interstellar Overdrive,1
Zack Bower,Bass Bag (HD Edition Mix),1
Zack Bower,Drizzle (HD Edition Mix),1
Zack Bower,"Ride, Lawrence, Ride! (HD Edition Mix)",1
Zack Bower,Tazer (HD Edition Mix),1
