Tracks,Plays
King Crimson,Epitaph,451
King Crimson,21st Century Schizoid Man,435
King Crimson,The Court of the Crimson King,433
King Crimson,Starless,393
King Crimson,I Talk to the Wind,363
King Crimson,Moonchild,350
Michael McCann,Opening Credits,333
King Crimson,Cat Food,327
Foster the People,Pumped Up Kicks,238
Dire Straits,Brothers in Arms,212
Gorillaz,Feel Good Inc.,205
Michael McCann,Sandstorm,190
Michael McCann,Prague,184
Michael McCann,Versalife,182
The Police,Bring On The Night,181
Michael McCann,Embrace What You Have Become Trailer,176
Beastie Boys,Intergalactic,175
Michael McCann,Apex Towers,174
Michael McCann,Main Menu Theme,171
Beastie Boys,Sabotage,154
Pink Floyd,Time,154
Martin O'Donnell &amp; Michael Salvatori,Moon Over Mombasa Part 2,152
Tool,Schism,149
Dire Straits,Your Latest Trick,148
Michael McCann,First and Last,145
The Police,Reggatta De Blanc,145
Michael McCann,Icarus - Main Theme,144
Michael McCann,The UTULEK Complex Golem City,143
Pink Floyd,Wish You Were Here,143
Michael McCann,The Mole,141
Michael McCann,Singapore Ambient (Part 2),138
Michael McCann,After the Crash,137
Dire Straits,On Every Street,136
Michael McCann,Detroit City Ambient (Part 1),135
Supertramp,Rudy,133
Kids Fly,Ensemble Dissonance,131
Supertramp,Crime of the Century,131
Michael McCann,Barrett Boss Fight,127
Tool,Lateralus,127
Radiohead,No Surprises,126
Mick Gordon,BFG Division,125
Supertramp,Bloody Well Right,124
Home,Resonance,123
Supertramp,School,121
Supertramp,The Logical Song,119
Pink Floyd,The Great Gig in the Sky,118
Red Hot Chili Peppers,Dark Necessities,118
Mick Gordon,Rip &amp; Tear,117
Pink Floyd,Money,116
The Police,Hungry For You (J'Aurais Toujours Faim De Toi),116
